/blog/category/graphic-design/ https://www.tomango.co.uk/thinks/categories/web-design/ 301
/blog/category/latest-news/ https://www.tomango.co.uk/thinks/categories/latest-news/ 301
/blog/category/online-marketing/ https://www.tomango.co.uk/thinks/categories/digital-marketing/ 301
/blog/category/tips-and-advice/ https://www.tomango.co.uk/thinks/categories/tips-and-advice/ 301
/blog/category/web-design/ https://www.tomango.co.uk/thinks/categories/web-design/ 301
/thinks/category/online-marketing/ https://www.tomango.co.uk/thinks/categories/digital-marketing/ 301

/created/selling-karndean-with-fludes-carpets/ https://www.tomango.co.uk/created/fludes-carpets/ 301
/created/the-concept-tag/ https://www.tomango.co.uk/created/concept-tag/ 301
/our-process/ https://www.tomango.co.uk/strategy/ 301
/creates/online-marketing/search-engine-optimisation/ https://www.tomango.co.uk/creates/online-marketing/seo/ 301
/creates/online-marketing/email-marketing/ https://www.tomango.co.uk/creates/online-marketing/ 301
/creates/online-marketing/content-creation-copywriting/ https://www.tomango.co.uk/creates/online-marketing/ 301
/creates/web/website-design/ https://www.tomango.co.uk/creates/web/ 301
/creates/web/design/ https://www.tomango.co.uk/creates/web/ 301
/creates/web/development/ https://www.tomango.co.uk/creates/web/ 301
/is/hiring/ https://www.tomango.co.uk/careers/ 301
/vacancies/ https://www.tomango.co.uk/careers/ 301
/cookies/ https://www.tomango.co.uk/privacy/ 301
/privacy-policy/ https://www.tomango.co.uk/privacy/ 301
/porfolio/ https://www.tomango.co.uk/created/ 301
/about/ https://www.tomango.co.uk/is/ 301
/about/team/ https://www.tomango.co.uk/is/ 301
/about/process/ https://www.tomango.co.uk/strategy/ 301

/create/brand/brand-naming/ https://www.tomango.co.uk/creates/brand/ 301
/create/brand/brand-identity/ https://www.tomango.co.uk/creates/brand/ 301
/create/brand/graphic-design/ https://www.tomango.co.uk/creates/brand/ 301
/create/web/website-design/ https://www.tomango.co.uk/creates/web/ 301
/create/web/web-development/ https://www.tomango.co.uk/creates/web/ 301
/create/web/mobile/ https://www.tomango.co.uk/creates/web/ 301
/creates/web/ecommerce/ https://www.tomango.co.uk/creates/web/ 301
/creates/web/mobile/ https://www.tomango.co.uk/creates/web/ 301
/create/online-marketing/search-engine-optimisation/ https://www.tomango.co.uk/creates/online-marketing/seo/ 301
/create/online-marketing/pay-per-click/ https://www.tomango.co.uk/creates/online-marketing/google-adwords-ppc/ 301
/create/online-marketing/social-media/ https://www.tomango.co.uk/creates/online-marketing/social-media/ 301
/create/online-marketing/email-marketing/ https://www.tomango.co.uk/creates/online-marketing/ 301
/create/online-marketing/copywriting/ https://www.tomango.co.uk/creates/online-marketing/ 301
/create/online-marketing/local-seo/ https://www.tomango.co.uk/creates/online-marketing/seo/ 301
/create/online-marketing/ https://www.tomango.co.uk/creates/online-marketing/ 301
/create/brand/ https://www.tomango.co.uk/creates/brand/ 301
/create/web/ https://www.tomango.co.uk/creates/web/ 301
/create/ https://www.tomango.co.uk/creates/ 301

/about/team/mark-vaesen/ https://www.tomango.co.uk/is/mark-vaesen/ 301
/about/team/mike-vine/ https://www.tomango.co.uk/is/mike-vine/ 301
/about/team/trys-mudford/ https://www.trysmudford.com 301
/is/trys-mudford/ https://www.trysmudford.com 301
/about/team/nikki-carrick/ https://www.tomango.co.uk/is/nikki-carrick/ 301

/web-design-in-uckfield/ https://www.tomango.co.uk/creates/web/ 301
/web-design-in-lewes/ https://www.tomango.co.uk/creates/web/ 301
/web-design-in-east-sussex/ https://www.tomango.co.uk/creates/web/ 301
/web-design-in-west-sussex/ https://www.tomango.co.uk/creates/web/ 301
/web-design-in-crowborough-east-sussex/ https://www.tomango.co.uk/creates/web/ 301
/web-design-in-heathfield/ https://www.tomango.co.uk/creates/web/ 301
/web-design-in-eastbourne/ https://www.tomango.co.uk/creates/web/ 301
/web-design-in-brighton/ https://www.tomango.co.uk/creates/web/ 301
/seo-services-east-sussex/ https://www.tomango.co.uk/creates/online-marketing/seo/ 301

/thinks/historic-digital-marketing-examples/ https://www.tomango.co.uk/thinks/4-examples-of-digital-marketing-pr-tactics-used-throughout-history/ 301

/thinks/category/brand/ https://www.tomango.co.uk/thinks/categories/brand/ 301
/thinks/category/latest-news/ https://www.tomango.co.uk/thinks/categories/latest-news/ 301
/thinks/category/online-marketing/ https://www.tomango.co.uk/thinks/categories/online-marketing/ 301
/thinks/category/strategy/ https://www.tomango.co.uk/thinks/categories/strategy/ 301
/thinks/category/tips-and-advice/ https://www.tomango.co.uk/thinks/categories/tips-and-advice/ 301
/thinks/category/web-design/ https://www.tomango.co.uk/thinks/categories/web-design/ 301
/archive/ https://www.tomango.co.uk/thinks/ 301

/thinks/author/elliot/ https://www.tomango.co.uk/thinks/ 301
/thinks/author/tom/ https://www.tomango.co.uk/thinks/ 301
/thinks/author/mark/ https://www.tomango.co.uk/thinks/ 301
/thinks/author/alex/ https://www.tomango.co.uk/thinks/ 301
/thinks/author/mike/ https://www.tomango.co.uk/thinks/ 301
/thinks/author/kieran/ https://www.tomango.co.uk/thinks/ 301
/thinks/author/steve/ https://www.tomango.co.uk/thinks/ 301
/thinks/author/trys/ https://www.tomango.co.uk/thinks/ 301
/thinks/tag/email-marketing/ https://www.tomango.co.uk/thinks/ 301
/thinks/tag/speedy-gonzales/ https://www.tomango.co.uk/thinks/ 301
/thinks/tag/pr/ https://www.tomango.co.uk/thinks/ 301
/thinks/tag/instagram/ https://www.tomango.co.uk/thinks/ 301
/thinks/tag/google/ https://www.tomango.co.uk/thinks/ 301
/thinks/tag/digital-marketing/ https://www.tomango.co.uk/thinks/ 301
/thinks/tag/ppc/ https://www.tomango.co.uk/thinks/ 301
/thinks/tag/htsuyw/ https://www.tomango.co.uk/thinks/ 301
/thinks/tag/seo/ https://www.tomango.co.uk/thinks/ 301
/thinks/tag/smm/ https://www.tomango.co.uk/thinks/ 301
/thinks/tag/social-media/ https://www.tomango.co.uk/thinks/ 301
/thinks/tag/google-chrome/ https://www.tomango.co.uk/thinks/ 301

/styleguide/ https://www.tomango.co.uk/ 301
/the-best-times-to-send-your-marketing-emails https://www.tomango.co.uk/thinks/ 301
/thinks/a-farewell-from-me/ https://www.tomango.co.uk/thinks/ 301
/thinks/apps-to-help-your-productivity/ https://www.tomango.co.uk/thinks/ 301
/thinks/buy-design-business-get-maximum-roi/ https://www.tomango.co.uk/thinks/ 301
/thinks/how-to-manage-a-company-facebook-page/ https://www.tomango.co.uk/thinks/ 301
/thinks/meet-our-new-junior-web-developer-kieran-karn/ https://www.tomango.co.uk/thinks/ 301
/thinks/saved-client-thousands-pounds-boosted-turnover-15/ https://www.tomango.co.uk/thinks/ 301
/thinks/tomango-adds-to-its-digital-marketing-team/ https://www.tomango.co.uk/thinks/ 301
/thinks/tomango-joins-design-business-association/ https://www.tomango.co.uk/thinks/ 301
/thinks/tomangos-summer-party-with-photos/ https://www.tomango.co.uk/thinks/ 301

/created/browns/ https://www.tomango.co.uk/created/ 301
/created/fe-sussex/ https://www.tomango.co.uk/created/ 301
/created/hailsham-town-council/ https://www.tomango.co.uk/created/ 301
/created/helping-cade-street-nursery-grow/ https://www.tomango.co.uk/created/ 301
/created/lab-tv/ https://www.tomango.co.uk/created/ 301
/created/monkey-wellbeing/ https://www.tomango.co.uk/created/ 301
/created/nutley-edge-cottages/ https://www.tomango.co.uk/created/ 301
/created/pay-assist/ https://www.tomango.co.uk/created/ 301
/created/sussex-oak/ https://www.tomango.co.uk/created/ 301
/created/vces/ https://www.tomango.co.uk/created/ 301
